id,customer_name,country
1,Sarah Johnson,United States
2,John Smith,Canada
3,Maria Garcia,Spain
4,Li Wei,China
5,Alessandro Rossi,Italy
6,Yukiko Tanaka,Japan
7,Anna Petrov,Russia
8,Ahmed Khan,Pakistan
9,Isabella Santos,Brazil
10,Leila Ahmed,Egypt
11,Emily Wilson,Australia
12,Diego Fernandez,Argentina
13,Sophie Dupont,France
14,Ravi Patel,India
15,Carlos Rodriguez,Mexico
16,Luisa Oliveira,Portugal
17,Hans Muller,Germany
18,Elena Popova,Russia
19,Mehmet,Turkey
20,Chen Wei,China
21,Amir Khan,Pakistan
22,Marta Lopez,Spain
23,Olga Petrova,Russia
24,Luca Rossi,Italy
25,Yusuke Tanaka,Japan
26,Ana Silva,Brazil
27,Mohamed El-Masry,Egypt
28,Emma Johnson,United States
29,Sophia Smith,Canada
30,Pablo Garcia,Spain
31,Jing Wei,China
32,Antonio Rossi,Italy
33,Haruki Tanaka,Japan
34,Elena Petrov,Russia
35,Rajesh Patel,India
36,Maria Fernanda,South Africa
37,Lara Muller,Germany
38,Mateusz Nowak,Poland
39,Mila Jovanovi,Serbia
40,Anna Kowalski,Poland
41,Ahmet,Turkey
42,Fernanda Silva,Brazil
43,Elsa Andersen,Denmark
44,Ricardo Hernandez,Mexico
45,Alice Johnson,United States
46,Liam Smith,Canada
47,Isabel Goncalves,Portugal
48,Andrei Ivanov,Russia
49,Seo-jun Kim,South Korea
50,Sarah Johnson,United States
51,John Smith,Canada
52,Maria Garcia,Spain
53,Li Wei,China
54,Alessandro Rossi,Italy
55,Yukiko Tanaka,Japan
56,Anna Petrov,Russia
57,Ahmed Khan,Pakistan
58,Isabella Santos,Brazil
59,Leila Ahmed,Egypt
60,Emily Wilson,Australia
61,Diego Fernandez,Argentina
62,Sophie Dupont,France
63,Ravi Patel,India
64,Carlos Rodriguez,Mexico
65,Luisa Oliveira,Portugal
66,Hans Muller,Germany
67,Elena Popova,Russia
68,Mehmet,Turkey
69,Chen Wei,China
70,Amir Khan,Pakistan
71,Marta Lopez,Spain
72,Olga Petrova,Russia
73,Luca Rossi,Italy
74,Yusuke Tanaka,Japan
75,Ana Silva,Brazil
76,Mohamed El-Masry,Egypt
77,Emma Johnson,United States
78,Sophia Smith,Canada
79,Pablo Garcia,Spain
80,Jing Wei,China
81,Antonio Rossi,Italy
82,Haruki Tanaka,Japan
83,Elena Petrov,Russia
84,Rajesh Patel,India
85,Maria Fernanda,South Africa
86,Lara Muller,Germany
87,Mateusz Nowak,Poland
88,Mila Jovanovi,Serbia
89,Anna Kowalski,Poland
90,Ahmet,Turkey
91,Fernanda Silva,Brazil
92,Elsa Andersen,Denmark
93,Ricardo Hernandez,Mexico
94,Alice Johnson,United States
95,Liam Smith,Canada
96,Isabel Goncalves,Portugal
97,Andrei Ivanov,Russia
98,Seo-jun Kim,South Korea
99,Sarah Johnson,United States
100,John Smith,Canada
101,Maria Garcia,Spain
102,Li Wei,China
103,Alessandro Rossi,Italy
104,Yukiko Tanaka,Japan
105,Anna Petrov,Russia
106,Ahmed Khan,Pakistan
107,Isabella Santos,Brazil
108,Leila Ahmed,Egypt
109,Emily Wilson,Australia
110,Diego Fernandez,Argentina
111,Sophie Dupont,France
112,Ravi Patel,India
113,Carlos Rodriguez,Mexico
114,Luisa Oliveira,Portugal
115,Hans Muller,Germany
116,Elena Popova,Russia
117,Mehmet,Turkey
118,Chen Wei,China
119,Amir Khan,Pakistan
120,Marta Lopez,Spain
121,Olga Petrova,Russia
122,Luca Rossi,Italy
123,Yusuke Tanaka,Japan
124,Ana Silva,Brazil
125,Mohamed El-Masry,Egypt
126,Emma Johnson,United States
127,Sophia Smith,Canada
128,Pablo Garcia,Spain
129,Jing Wei,China
130,Antonio Rossi,Italy
131,Haruki Tanaka,Japan
132,Elena Petrov,Russia
133,Rajesh Patel,India
134,Maria Fernanda,South Africa
135,Lara Muller,Germany
136,Mateusz Nowak,Poland
137,Mila Jovanovi,Serbia
138,Anna Kowalski,Poland
139,Ahmet,Turkey
140,Fernanda Silva,Brazil
141,Elsa Andersen,Denmark
142,Ricardo Hernandez,Mexico
143,Alice Johnson,United States
144,Liam Smith,Canada
145,Isabel Goncalves,Portugal
146,Andrei Ivanov,Russia
147,Seo-jun Kim,South Korea
148,Sarah Johnson,United States
149,John Smith,Canada
150,Maria Garcia,Spain
151,Li Wei,China
152,Alessandro Rossi,Italy
153,Yukiko Tanaka,Japan
154,Anna Petrov,Russia
155,Ahmed Khan,Pakistan
156,Isabella Santos,Brazil
157,Leila Ahmed,Egypt
158,Emily Wilson,Australia
159,Diego Fernandez,Argentina
160,Sophie Dupont,France
161,Ravi Patel,India
162,Carlos Rodriguez,Mexico
163,Luisa Oliveira,Portugal
164,Hans Muller,Germany
165,Elena Popova,Russia
166,Mehmet,Turkey
167,Chen Wei,China
168,Amir Khan,Pakistan
169,Marta Lopez,Spain
170,Olga Petrova,Russia
171,Luca Rossi,Italy
172,Yusuke Tanaka,Japan
173,Ana Silva,Brazil
174,Mohamed El-Masry,Egypt
175,Emma Johnson,United States
176,Sophia Smith,Canada
177,Pablo Garcia,Spain
178,Jing Wei,China
179,Antonio Rossi,Italy
180,Haruki Tanaka,Japan
181,Elena Petrov,Russia
182,Rajesh Patel,India
183,Maria Fernanda,South Africa
184,Lara Muller,Germany
185,Mateusz Nowak,Poland
186,Mila Jovanovi,Serbia
187,Anna Kowalski,Poland
188,Ahmet,Turkey
189,Fernanda Silva,Brazil
190,Elsa Andersen,Denmark
191,Ricardo Hernandez,Mexico
192,Alice Johnson,United States
193,Liam Smith,Canada
194,Isabel Goncalves,Portugal
195,Andrei Ivanov,Russia
196,Seo-jun Kim,South Korea
197,Sarah Johnson,United States
198,John Smith,Canada
199,Maria Garcia,Spain
200,Li Wei,China
201,Alessandro Rossi,Italy
202,Yukiko Tanaka,Japan
203,Anna Petrov,Russia
204,Ahmed Khan,Pakistan
205,Isabella Santos,Brazil
206,Leila Ahmed,Egypt
207,Emily Wilson,Australia
208,Diego Fernandez,Argentina
209,Sophie Dupont,France
210,Ravi Patel,India
211,Carlos Rodriguez,Mexico
212,Luisa Oliveira,Portugal
213,Hans Muller,Germany
214,Elena Popova,Russia
215,Mehmet,Turkey
216,Chen Wei,China
217,Amir Khan,Pakistan
218,Marta Lopez,Spain
219,Olga Petrova,Russia
220,Luca Rossi,Italy
221,Yusuke Tanaka,Japan
222,Ana Silva,Brazil
223,Mohamed El-Masry,Egypt
224,Emma Johnson,United States
225,Sophia Smith,Canada
226,Pablo Garcia,Spain
227,Jing Wei,China
228,Antonio Rossi,Italy
229,Haruki Tanaka,Japan
230,Elena Petrov,Russia
231,Rajesh Patel,India
232,Maria Fernanda,South Africa
233,Lara Muller,Germany
234,Mateusz Nowak,Poland
235,Mila Jovanovi,Serbia
236,Anna Kowalski,Poland
237,Ahmet,Turkey
238,Fernanda Silva,Brazil
239,Elsa Andersen,Denmark
240,Ricardo Hernandez,Mexico
241,Alice Johnson,United States
242,Liam Smith,Canada
243,Isabel Goncalves,Portugal
244,Andrei Ivanov,Russia
245,Seo-jun Kim,South Korea
246,Sarah Johnson,United States
247,John Smith,Canada
248,Maria Garcia,Spain
249,Li Wei,China
250,Alessandro Rossi,Italy
251,Yukiko Tanaka,Japan
252,Anna Petrov,Russia
253,Ahmed Khan,Pakistan
254,Isabella Santos,Brazil
255,Leila Ahmed,Egypt
256,Emily Wilson,Australia
257,Diego Fernandez,Argentina
258,Sophie Dupont,France
259,Ravi Patel,India
260,Carlos Rodriguez,Mexico
261,Luisa Oliveira,Portugal
262,Hans Muller,Germany
263,Elena Popova,Russia
264,Mehmet,Turkey
265,Chen Wei,China
266,Amir Khan,Pakistan
267,Marta Lopez,Spain
268,Olga Petrova,Russia
269,Luca Rossi,Italy
270,Yusuke Tanaka,Japan
271,Ana Silva,Brazil
272,Mohamed El-Masry,Egypt
273,Emma Johnson,United States
274,Sophia Smith,Canada
275,Pablo Garcia,Spain
276,Jing Wei,China
277,Antonio Rossi,Italy
278,Haruki Tanaka,Japan
279,Elena Petrov,Russia
280,Rajesh Patel,India
281,Maria Fernanda,South Africa
282,Lara Muller,Germany
283,Mateusz Nowak,Poland
284,Mila Jovanovi,Serbia
285,Anna Kowalski,Poland
286,Ahmet,Turkey
287,Fernanda Silva,Brazil
288,Elsa Andersen,Denmark
289,Ricardo Hernandez,Mexico
290,Alice Johnson,United States
291,Liam Smith,Canada
292,Isabel Goncalves,Portugal
293,Andrei Ivanov,Russia
294,Seo-jun Kim,South Korea
295,Sarah Johnson,United States
296,John Smith,Canada
297,Maria Garcia,Spain
298,Li Wei,China
299,Alessandro Rossi,Italy
300,Yukiko Tanaka,Japan
301,Anna Petrov,Russia
302,Ahmed Khan,Pakistan
303,Isabella Santos,Brazil
304,Leila Ahmed,Egypt
305,Emily Wilson,Australia
306,Diego Fernandez,Argentina
307,Sophie Dupont,France
308,Ravi Patel,India
309,Carlos Rodriguez,Mexico
310,Luisa Oliveira,Portugal
311,Hans Muller,Germany
312,Elena Popova,Russia
313,Mehmet,Turkey
314,Chen Wei,China
315,Amir Khan,Pakistan
316,Marta Lopez,Spain
317,Olga Petrova,Russia
318,Luca Rossi,Italy
319,Yusuke Tanaka,Japan
320,Ana Silva,Brazil
321,Mohamed El-Masry,Egypt
322,Emma Johnson,United States
323,Sophia Smith,Canada
324,Pablo Garcia,Spain
325,Jing Wei,China
326,Antonio Rossi,Italy
327,Haruki Tanaka,Japan
328,Elena Petrov,Russia
329,Rajesh Patel,India
330,Maria Fernanda,South Africa
331,Lara Muller,Germany
332,Mateusz Nowak,Poland
333,Mila Jovanovi,Serbia
334,Anna Kowalski,Poland
335,Ahmet,Turkey
336,Fernanda Silva,Brazil
337,Elsa Andersen,Denmark
338,Ricardo Hernandez,Mexico
339,Alice Johnson,United States
340,Liam Smith,Canada
341,Isabel Goncalves,Portugal
342,Andrei Ivanov,Russia
343,Seo-jun Kim,South Korea
344,Sarah Johnson,United States
345,John Smith,Canada
346,Maria Garcia,Spain
347,Li Wei,China
348,Alessandro Rossi,Italy
349,Yukiko Tanaka,Japan
350,Anna Petrov,Russia
351,Ahmed Khan,Pakistan
352,Isabella Santos,Brazil
353,Leila Ahmed,Egypt
354,Emily Wilson,Australia
355,Diego Fernandez,Argentina
356,Sophie Dupont,France
357,Ravi Patel,India
358,Carlos Rodriguez,Mexico
359,Luisa Oliveira,Portugal
360,Hans Muller,Germany
361,Elena Popova,Russia
362,Mehmet,Turkey
363,Chen Wei,China
364,Amir Khan,Pakistan
365,Marta Lopez,Spain
366,Olga Petrova,Russia
367,Luca Rossi,Italy
368,Yusuke Tanaka,Japan
369,Ana Silva,Brazil
370,Mohamed El-Masry,Egypt
371,Emma Johnson,United States
372,Sophia Smith,Canada
373,Pablo Garcia,Spain
374,Jing Wei,China
375,Antonio Rossi,Italy
376,Haruki Tanaka,Japan
377,Elena Petrov,Russia
378,Rajesh Patel,India
379,Maria Fernanda,South Africa
380,Lara Muller,Germany
381,Mateusz Nowak,Poland
382,Mila Jovanovi,Serbia
383,Anna Kowalski,Poland
384,Ahmet,Turkey
385,Fernanda Silva,Brazil
386,Elsa Andersen,Denmark
387,Ricardo Hernandez,Mexico
388,Alice Johnson,United States
389,Liam Smith,Canada
390,Isabel Goncalves,Portugal
391,Andrei Ivanov,Russia
392,Seo-jun Kim,South Korea
393,Sarah Johnson,United States
394,John Smith,Canada
395,Maria Garcia,Spain
396,Li Wei,China
397,Alessandro Rossi,Italy
398,Yukiko Tanaka,Japan
399,Anna Petrov,Russia
400,Ahmed Khan,Pakistan
401,Isabella Santos,Brazil
402,Leila Ahmed,Egypt
403,Emily Wilson,Australia
404,Diego Fernandez,Argentina
405,Sophie Dupont,France
406,Ravi Patel,India
407,Carlos Rodriguez,Mexico
408,Luisa Oliveira,Portugal
409,Hans Muller,Germany
410,Elena Popova,Russia
411,Mehmet,Turkey
412,Chen Wei,China
413,Amir Khan,Pakistan
414,Marta Lopez,Spain
415,Olga Petrova,Russia
416,Luca Rossi,Italy
417,Yusuke Tanaka,Japan
418,Ana Silva,Brazil
419,Mohamed El-Masry,Egypt
420,Emma Johnson,United States
421,Sophia Smith,Canada
422,Pablo Garcia,Spain
423,Jing Wei,China
424,Antonio Rossi,Italy
425,Haruki Tanaka,Japan
426,Elena Petrov,Russia
427,Rajesh Patel,India
428,Maria Fernanda,South Africa
429,Lara Muller,Germany
430,Mateusz Nowak,Poland
431,Mila Jovanovi,Serbia
432,Anna Kowalski,Poland
433,Ahmet,Turkey
434,Fernanda Silva,Brazil
435,Elsa Andersen,Denmark
436,Ricardo Hernandez,Mexico
437,Alice Johnson,United States
438,Liam Smith,Canada
439,Isabel Goncalves,Portugal
440,Andrei Ivanov,Russia
441,Seo-jun Kim,South Korea
